LeftChange,RightChange,LaneType,FrontChange,WheelAngle,AngleChange, ExpectedOutput
1.07945419671967E-07, -1.07945419671967E-07, 0, 0, 2, 0.015748031496063, 1,0,0,-1,-1
1.09984761192685E-06, -1.09984761192685E-06, 0, 0, 2, 0.0158730158730159, 1,0,0,-1,-1
1.85612589120865E-06, -1.85612589120865E-06, 0, 0, 2, 0.015625, 1,0,0,-1,-1
2.73383508517048E-06, -2.73430441308209E-06, 0, 0, 2, 0.015748031496063, 1,0,0,-1,-1
4.27980122603769E-06, -4.27980122603769E-06, 0, 0, 2, 0.015748031496063, 1,0,0,-1,-1
4.60269882923036E-06, -4.60222950131874E-06, 0, 0, 2, 0.015748031496063, 1,0,0,-1,-1
5.50917216709682E-06, -5.50869911436051E-06, 0, 0, 2, 0.0158730158730159, 1,0,0,-1,-1
5.17023727297783E-06, -5.17070293426514E-06, 0, 0, 0, 0, 1,0,0,-1,-1
-3.19846971767155E-06, 3.19846971767155E-06, 0, 0, -2, -0.015748031496063, 1,0,0,-1,-1
-5.8441162109375E-06, 5.8436393737793E-06, 0, 0, -2, -0.016, 1,0,0,-1,-1
-7.34451248889833E-06, 7.34498181680995E-06, 0, 0, -3, -0.0236220472440945, 1,0,0,-1,-1
-4.92529943585396E-06, 4.92436811327934E-06, 0, 0, -3, -0.0234375, 1,0,0,-1,-1
-3.21007136142615E-06, 3.21052291176536E-06, 0, 0, -3, -0.0227272727272727, 1,0,0,-1,-1
-7.4971467256546E-07, 7.4971467256546E-07, 0, 0, -3, -0.0234375, 1,0,0,-1,-1
1.19682342287094E-06, -1.19635037013463E-06, 0, 0, -3, -0.0238095238095238, 1,0,0,-1,-1
3.59786777045783E-06, -3.59739844254621E-06, 0, 0, -2, -0.015748031496063, 1,0,0,-1,-1
3.28291207551956E-06, -3.28291207551956E-06, 0, 0, -2, -0.015625, 1,0,0,-1,-1
4.23860549926758E-06, -4.23908233642578E-06, 0, 0, -2, -0.016, 1,0,0,-1,-1
6.0030392238072E-06, -6.00351227654351E-06, 0, 0, -2, -0.0158730158730159, 1,0,0,-1,-1
6.03884223877914E-06, -6.03931156669076E-06, 0, 0, -2, -0.015748031496063, 1,0,0,-1,-1
6.84754922986031E-06, -6.84615224599838E-06, 0, 0, -2, -0.015625, 1,0,0,-1,-1
5.0771893478754E-06, -5.07765867578702E-06, 0, 0, 0, 0, 1,0,0,-1,-1
4.76837158203125E-10, 9.5367431640625E-10, 0, -0.00250425720214844, 0, 0, 1,0,0,-1,-1
-6.33890666658916E-06, 6.3365414029076E-06, 0, 0.00470542150830466, 2, 0.0158730158730159, 1,0,0,-1,-1
-1.14378929138184E-05, 1.14398002624512E-05, 0, 0, 3, 0.024, 1,0,0,-1,-1
-8.20541754364967E-06, 8.20402055978775E-06, 0, 0, 4, 0.03125, 1,0,0,-1,-1
-8.47473977104066E-06, 8.47521282377697E-06, 0, 0, 7, 0.0555555555555556, 1,0,0,-1,-1
-4.37255948781967E-07, 4.37255948781967E-07, 0, 0, 7, 0.0546875, 1,0,0,-1,-1
1.12547874450684E-05, -1.12557411193848E-05, 0, 0, 7, 0.056, 1,0,0,-1,-1
2.03678927083654E-05, -2.03674233804538E-05, 0, 0, 5, 0.0393700787401575, 1,0,0,-1,-1
1.62968635559082E-05, -1.62973403930664E-05, 0, 0, 1, 0.008, 1,0,0,-1,-1
-1.53221781291659E-06, 1.53221781291659E-06, 0, 0, -1, -0.00793650793650794, 1,0,0,-1,-1
-7.99837566557385E-06, 7.99837566557385E-06, 0, 0, -2, -0.0158730158730159, 1,0,0,-1,-1
-1.20959584675138E-05, 1.20959584675138E-05, 0, 0, -4, -0.0317460317460317, 1,0,0,-1,-1
-1.37560010895016E-05, 1.37564704174132E-05, 0, 0, -4, -0.031496062992126, 1,0,0,-1,-1
-8.05601360291008E-06, 8.0564829308217E-06, 0, 0, -4, -0.031496062992126, 1,0,0,-1,-1
-3.48024898105197E-06, 3.48024898105197E-06, 0, 0, -2, -0.0158730158730159, 1,0,0,-1,-1
-1.01235485816187E-06, 1.01235485816187E-06, 0, 0, 0, 0, 1,0,0,-1,-1
2.65855637807695E-07, -2.65855637807695E-07, 0, 0, 1, 0.00793650793650794, 1,0,0,-1,-1
1.12113498506092E-06, -1.12113498506092E-06, 0, 0, 1, 0.00793650793650794, 1,0,0,-1,-1
1.20639801025391E-06, -1.2059211730957E-06, 0, 0, 1, 0.008, 1,0,0,-1,-1
1.40282112782396E-06, -1.40329045573557E-06, 0, 0, 1, 0.0078740157480315, 1,0,0,-1,-1
1.06294949849447E-06, -1.06389560396709E-06, 0, 0, -1, -0.00793650793650794, 1,0,0,-1,-1
-2.4769041273329E-06, 2.47785023280552E-06, 0, 0, -2, -0.0158730158730159, 1,0,0,-1,-1
-2.17604258703807E-06, 2.17556953430176E-06, 0, 0, -2, -0.0158730158730159, 1,0,0,-1,-1
-5.31711275615389E-07, 5.32184328351702E-07, 0, 0, 0, 0, 1,0,0,-1,-1
0, -4.76837158203125E-10, 0, 0, 0, 0, 1,0,0,-1,-1
0, 4.69327911617249E-10, 0, 0, 0, 0, 1,0,0,-1,-1
4.76837158203125E-10, -4.76837158203125E-10, 0, 0, 0, 0, 1,0,0,-1,-1
-4.65661287307739E-10, 4.65661287307739E-10, 0, 0, 0, 0, 1,0,0,-1,-1
4.69327911617249E-10, 0, 0, 0, 0, 0, 1,0,0,-1,-1
-4.69327911617249E-10, -4.69327911617249E-10, 0, 0, 0, 0, 1,0,0,-1,-1
4.69327911617249E-10, 4.69327911617249E-10, 0, 0, 0, 0, 1,0,0,-1,-1
-4.65661287307739E-10, -4.65661287307739E-10, 0, 0, 0, 0, 1,0,0,-1,-1
4.73052736312624E-10, 4.73052736312624E-10, 0, 0, 0, 0, 1,0,0,-1,-1
0, -4.69327911617249E-10, 0, 0, 0, 0, 1,0,0,-1,-1
-4.69327911617249E-10, 4.69327911617249E-10, 0, 0, 0, 0, 1,0,0,-1,-1
-4.73052736312624E-10, 0, 0, 0, 0, 0, 1,0,0,-1,-1
4.65661287307739E-10, 4.65661287307739E-10, 0, 0, 0, 0, 1,0,0,-1,-1
0, -4.58497267503005E-10, 0, 0, 0, 0, 1,0,0,-1,-1
-4.62051509886749E-10, -4.62051509886749E-10, 0, 0, 0, 0, 1,0,0,-1,-1
0, 4.80682619156376E-10, 0, 0, 0, 0, 1,0,0,-1,-1
0, -4.73052736312624E-10, 0, 0, 0, 0, 1,0,0,-1,-1
0, 4.73052736312624E-10, 0, 0, 0, 0, 1,0,0,-1,-1
4.82513791038876E-08, -4.82513791038876E-08, 0, 0, -1, -0.00793650793650794, 0,1,-1,0,-1
8.25003972129216E-07, -8.25003972129216E-07, 0, 0, -2, -0.0158730158730159, 0,1,-1,0,-1
1.66798394823831E-06, -1.66798394823831E-06, 0, 0, -2, -0.0158730158730159, 0,1,-1,0,-1
2.53840098305354E-06, -2.53792793031723E-06, 0, 0, -2, -0.0158730158730159, 0,1,-1,0,-1
4.02824146541085E-06, -4.02871079332247E-06, 0, 0, -2, -0.015748031496063, 0,1,-1,0,-1
4.42209697905041E-06, -4.42209697905041E-06, 0, 0, -2, -0.0158730158730159, 0,1,-1,0,-1
5.33342361450195E-06, -5.33342361450195E-06, 0, 0, -2, -0.016, 0,1,-1,0,-1
7.21263134573388E-06, -7.21263134573388E-06, 0, 0, -2, -0.015748031496063, 0,1,-1,0,-1
7.17100642976307E-06, -7.17147948249938E-06, 0, -0.00793650793650794, -2, -0.0158730158730159, 0,1,-1,0,-1
7.91298225522041E-06, -7.9120509326458E-06, 0, -0.0078125, -2, -0.015625, 0,1,-1,0,-1
1.05552673339844E-05, -1.05557441711426E-05, 0, -0.008, -2, -0.016, 0,1,-1,0,-1
9.99164581298828E-06, -9.99212265014648E-06, 0, -0.0064587287902832, -2, -0.016, 0,1,-1,0,-1
1.06917591545525E-05, -1.06912898266409E-05, 0, -0.00555558467474509, -2, -0.015748031496063, 0,1,-1,0,-1
1.16385164714995E-05, -1.16389895242358E-05, 0, -0.00498664189898779, -2, -0.0158730158730159, 0,1,-1,0,-1
1.45510425717812E-05, -1.45510425717812E-05, 0, -0.00473193671759658, -2, -0.015748031496063, 0,1,-1,0,-1
1.35023442525712E-05, -1.35013981470986E-05, 0, -0.00402006459614587, -2, -0.0158730158730159, 0,1,-1,0,-1
1.44753456115723E-05, -1.44772529602051E-05, 0, -0.00371917915344238, -2, -0.016, 0,1,-1,0,-1
1.769647823544E-05, -1.76960089075284E-05, 0, -0.00352115612330399, -2, -0.015748031496063, 0,1,-1,0,-1
1.63431167602539E-05, -1.63445472717285E-05, 0, -0.00323281860351563, -2, -0.016, 0,1,-1,0,-1
1.70672696734232E-05, -1.70653774624779E-05, 0, -0.00301313400268555, -2, -0.0158730158730159, 0,1,-1,0,-1
2.06581316888332E-05, -2.06581316888332E-05, 0, -0.00285866716876626, -2, -0.015625, 0,1,-1,0,-1
1.90587043762207E-05, -1.90577507019043E-05, 0, -0.00270633220672607, -2, -0.016, 0,1,-1,0,-1
1.95986642612247E-05, -1.95972562774898E-05, 0, -0.00257174541631083, -2, -0.015748031496063, 0,1,-1,0,-1
2.41119710225908E-05, -2.41162284972176E-05, 0, 0.00793650793650794, -2, -0.0158730158730159, 0,1,-1,0,-1
2.17547416687012E-05, -2.17533111572266E-05, 0, -0.00479188537597656, -2, -0.016, 0,1,-1,0,-1
2.2245673682746E-05, -2.22437963710995E-05, 0, -0.00447579256192906, -2, -0.015748031496063, 0,1,-1,0,-1
2.67866998910904E-05, -2.67880968749523E-05, 0, -0.00445389375090599, -2, -0.015625, 0,1,-1,0,-1
2.44221687316895E-05, -2.44235992431641E-05, 0, -0.00410801696777344, -2, -0.016, 0,1,-1,0,-1
1.02613854595995E-05, -1.02604468037763E-05, 0, -0.00306391528272253, 0, 0, 0,1,-1,0,-1
-2.07953982883029E-06, 2.08001288156661E-06, 0, -0.0023898926992265, 1, 0.00793650793650794, 0,1,-1,0,-1
-2.04789260077098E-05, 2.04803451659187E-05, 0, -0.00145727869064089, 2, 0.0158730158730159, 0,1,-1,0,-1
-3.13201288538655E-05, 3.13177822143074E-05, 0, -0.000896040848859652, 3, 0.0236220472440945, 0,1,-1,0,-1
-4.20995056629181E-05, 4.21022996306419E-05, 0, -5.94109296798706E-05, 4, 0.03125, 0,1,-1,0,-1
-4.82821464538574E-05, 4.82797622680664E-05, 0, 0.000884559631347656, 4, 0.032, 0,1,-1,0,-1
-3.70970861179622E-05, 3.70984941016971E-05, 0, 0.000724507129098487, 4, 0.031496062992126, 0,1,-1,0,-1
-4.54971170800877E-05, 4.54966477521761E-05, 0, 0.00270649767297459, 7, 0.0551181102362205, 0,1,-1,0,-1
-6.05958653247263E-05, 6.05972733084611E-05, 0, 0.0078740157480315, 8, 0.062992125984252, 0,1,-1,0,-1
-3.96489150940426E-05, 3.96474959358336E-05, 0, 0.00793650793650794, 8, 0.0634920634920635, 0,1,-1,0,-1
-2.53887847065926E-05, 2.53892503678799E-05, 0, 0, 8, 0.0625, 0,1,-1,0,-1
-1.25198137192499E-05, 1.25188676137773E-05, 0, 0, 8, 0.0634920634920635, 0,1,-1,0,-1
2.65950248354957E-06, -2.65902943081326E-06, 0, 0, 6, 0.0476190476190476, 0,1,-1,0,-1
3.77023030841161E-06, -3.77070336114793E-06, 0, 0, 2, 0.0158730158730159, 0,1,-1,0,-1
3.14201627458845E-06, -3.14201627458845E-06, 0, 0, 0, 0, 0,1,-1,0,-1
0, 4.69327911617249E-10, 0, 0, 0, 0, 0,1,-1,0,-1
-4.73052736312624E-10, 0, 0, 0, 0, 0, 0,1,-1,0,-1
4.76837158203125E-10, 0, 0, 0, 0, 0, 0,1,-1,0,-1
-4.65661287307739E-10, -4.65661287307739E-10, 0, 0, 0, 0, 0,1,-1,0,-1
4.69327911617249E-10, 4.69327911617249E-10, 0, 0, 0, 0, 0,1,-1,0,-1
0, -4.76837158203125E-10, 0, 0, 0, 0, 0,1,-1,0,-1
8.96510176771269E-06, -8.96557109562431E-06, 0, 0, 7, 0.0551181102362205, 0,1,-1,0,-1
2.85468101501465E-05, -2.85449028015137E-05, 0, 0, 9, 0.072, 0,1,-1,0,-1
5.93983937823583E-05, -5.93988668350946E-05, 0, -0.00793650793650794, 12, 0.0952380952380952, 0,1,-1,0,-1
0.000124175397176591, -0.000124174924123855, 0, -0.00793650793650794, 13, 0.103174603174603, 0,1,-1,0,-1
0.000145912170410156, -0.000145907946458952, 0, -0.0078740157480315, 13, 0.102362204724409, 0,1,-1,0,-1
0.000180626009392926, -0.000180634457295335, 0, -0.00570025969678023, 13, 0.102362204724409, 0,1,-1,0,-1
0.000257575035095215, -0.000257577896118164, 0, -0.00461833190917969, 13, 0.104, 0,1,-1,0,-1
0.000248899755551834, -0.000248889128367106, 0, -0.00342296121656433, 13, 0.10077519379845, 0,1,-1,0,-1
0.000286614137982565, -0.000286615084088038, 0, -0.00300553677574037, 13, 0.103174603174603, 0,1,-1,0,-1
0.000366898719221354, 0, 0, -0.00264143035747111, 13, 0.1015625, 0,1,-1,0,-1
0.000353662490844727, 0, 0, 0.008, 13, 0.104, 0,1,-1,0,-1
0.00037491978622797, -0.000374940436656081, 0, -0.00382055823258528, 13, 0.102362204724409, 0,1,-1,0,-1
0.000469102164891761, -0.000469097471612645, 0, -0.00356143759930228, 13, 0.102362204724409, 0,1,-1,0,-1
0.000419189059545123, -0.000419193790072486, 0, -0.00316371520360311, 11, 0.0873015873015873, 0,1,-1,0,-1
0.000316858757287264, -0.000316857360303402, 0, -0.00277953594923019, 6, 0.046875, 0,1,-1,0,-1
0.000178092956542969, 0, 0, -0.00260283708572388, 2, 0.016, 0,1,-1,0,-1
-9.45859485202365E-05, 0, 0, -0.00250921315617032, -5, -0.0396825396825397, 0,1,-1,0,-1
-0.000233070794926133, 0, 0, -0.00232403107391771, -6, -0.0465116279069767, 0,1,-1,0,-1
0, 0, 0, 0.0078125, -8, -0.0625, 0,1,-1,0,-1
0, 0.000263213642000213, 0, -0.00203851545889547, -8, -0.062992125984252, 0,1,-1,0,-1
0, 0.0002986022404262, 0, -0.00191555231336563, -8, -0.0634920634920635, 0,1,-1,0,-1
-0.000246067368795001, 0.000246066422689529, 0, -0.00206928499161251, -8, -0.0634920634920635, 0,1,-1,0,-1
-0.000234619369657021, 0.000234621246968667, 0, -0.00212092756286381, -8, -0.062992125984252, 0,1,-1,0,-1
-0.000261173942896325, 0.000261175820207971, 0, -0.00199170703963032, -8, -0.062992125984252, 0,1,-1,0,-1
-0.000212667964574859, 0.000212652007425864, 0, -0.00226999267818421, -8, -0.062992125984252, 0,1,-1,0,-1
-0.000252638071302384, 0.000252653208989946, 0, -0.00225536809081123, -11, -0.0873015873015873, 0,1,-1,0,-1
-0.000295952079802986, 0.000296004644529087, 0, -0.00230756495881268, -11, -0.0866141732283465, 0,1,-1,0,-1
-0.000233534812927246, 0.000233445644378662, 0, 0.008, -11, -0.088, 0,1,-1,0,-1
-0.000208559963438246, 0.000208611526186504, 0, 0.0010121814788334, -11, -0.0873015873015873, 0,1,-1,0,-1
-0.000183350457919864, 0.000183332623459223, 0, 0.00167751687718189, -11, -0.0866141732283465, 0,1,-1,0,-1
-0.000186243057250977, 0.000186244964599609, 0, 0.00402392196655273, -11, -0.088, 0,1,-1,0,-1
-0.000131337888657101, 0.000131335050340683, 0, 0.00507243095882355, -11, -0.0873015873015873, 0,1,-1,0,-1
-0.000106768131256104, 0.00010676383972168, 0, 0.008, -11, -0.088, 0,1,-1,0,-1
-9.02663065692571E-05, 9.02681838809036E-05, 0, 0.0078740157480315, -11, -0.0866141732283465, 0,1,-1,0,-1
-3.34572978317738E-05, 3.34577634930611E-05, 0, 0, -6, -0.046875, 0,1,-1,0,-1
-1.81817449629307E-05, 1.81803479790688E-05, 0, 0, -5, -0.0390625, 0,1,-1,0,-1
-1.49290407857587E-05, 1.4930002150997E-05, 0, 0, -5, -0.0403225806451613, 0,1,-1,0,-1
-5.80104570540171E-06, 5.80104570540171E-06, 0, 0, -3, -0.0238095238095238, 0,1,-1,0,-1
-1.35750733604727E-06, 1.35704528453738E-06, 0, 0, -1, -0.00775193798449612, 0,1,-1,0,-1
-6.13549398997473E-07, 6.13549398997473E-07, 0, 0, -1, -0.00793650793650794, 0,1,-1,0,-1
-2.87698009821374E-07, 2.87698009821374E-07, 0, 0, -1, -0.0078740157480315, 0,1,-1,0,-1
-7.22764983890564E-08, 7.22764983890564E-08, 0, 0, -1, -0.0078740157480315, 0,1,-1,0,-1
4.54130626860119E-08, -4.54130626860119E-08, 0, 0, 0, 0, 0,1,-1,0,-1
-3.53042895977314E-08, 3.48457923302284E-08, 0, 0, 1, 0.00769230769230769, 0,1,-1,0,-1
1.81652250744048E-07, -1.81179198007735E-07, 0, 0, 1, 0.00793650793650794, 0,1,-1,0,-1
3.95643429493341E-07, -3.95643429493341E-07, 0, 0, 1, 0.0078740157480315, 0,1,-1,0,-1
7.46250152587891E-07, -7.46726989746094E-07, 0, 0, 1, 0.008, 0,1,-1,0,-1
8.76903533935547E-07, -8.76903533935547E-07, 0, 0, 1, 0.008, 0,1,-1,0,-1
1.0710209608078E-06, -1.07008963823318E-06, 0, 0, 1, 0.0078125, 0,1,-1,0,-1
1.52038410305977E-06, -1.52038410305977E-06, 0, 0, 1, 0.0078125, 0,1,-1,0,-1
1.5711784362793E-06, -1.5721321105957E-06, 0, 0, 1, 0.008, 0,1,-1,0,-1
1.7763130248539E-06, -1.77489386664497E-06, 0, 0, 1, 0.00793650793650794, 0,1,-1,0,-1
2.32880509744479E-06, -2.32927442535641E-06, 0, 0, 1, 0.0078740157480315, 0,1,-1,0,-1
7.19010360597625E-07, -7.20418344332477E-07, 0, 0, -1, -0.0078740157480315, 0,1,-1,0,-1
-2.13711492476925E-06, 2.13663424215009E-06, 0, 0, -1, -0.00806451612903226, 0,1,-1,0,-1
-1.88464210146949E-06, 1.88606125967843E-06, 0, 0, -1, -0.00793650793650794, 0,1,-1,0,-1
-1.90922594445897E-06, 1.90922594445897E-06, 0, 0, -1, -0.0078740157480315, 0,1,-1,0,-1
-1.41395462883843E-06, 1.41395462883843E-06, 0, 0, -1, -0.00793650793650794, 0,1,-1,0,-1
-1.18739961639164E-06, 1.18739961639164E-06, 0, 0, -1, -0.0078740157480315, 0,1,-1,0,-1
-1.12066193232461E-06, 1.12066193232461E-06, 0, 0, -1, -0.00793650793650794, 0,1,-1,0,-1
-7.19479688509243E-07, 7.19479688509243E-07, 0, 0, -1, -0.0078740157480315, 0,1,-1,0,-1
-5.04058177076925E-07, 5.03588849165308E-07, 0, 0, -1, -0.0078740157480315, 0,1,-1,0,-1
-3.14449700783557E-07, 3.14919028695174E-07, 0, 0, -1, -0.0078740157480315, 0,1,-1,0,-1
-3.65318790558846E-08, 3.65318790558846E-08, 0, 0, -1, -0.00806451612903226, 0,1,-1,0,-1
1.81179198007735E-07, -1.81179198007735E-07, 0, 0, -1, -0.00793650793650794, 0,1,-1,0,-1
4.86298212929377E-07, -4.86298212929377E-07, 0, 0, -1, -0.00793650793650794, 0,1,-1,0,-1
7.76737693726547E-07, -7.7626836581493E-07, 0, 0, -2, -0.015748031496063, 0,1,-1,0,-1
2.02986929151747E-06, -2.03034234425378E-06, 0, 0, -2, -0.0158730158730159, 0,1,-1,0,-1
3.46936876811678E-06, -3.46889571538047E-06, 0, 0, -2, -0.0158730158730159, 0,1,-1,0,-1
3.88462712445597E-06, -3.8855657802792E-06, 0, 0, -2, -0.015748031496063, 0,1,-1,0,-1
4.82177734375E-06, -4.82034683227539E-06, 0, 0, -2, -0.016, 0,1,-1,0,-1
6.57513737678528E-06, -6.57700002193451E-06, 0, 0, -2, -0.015625, 0,1,-1,0,-1
6.66531305464487E-06, -6.66294779096331E-06, 0, 0, -2, -0.0158730158730159, 0,1,-1,0,-1
7.35817029494648E-06, -7.35955644947614E-06, 0, 0, -2, -0.0155038759689922, 0,1,-1,0,-1
9.80426007368433E-06, -9.80426007368433E-06, 0, -0.0078740157480315, -2, -0.015748031496063, 0,1,-1,0,-1
9.48238372802734E-06, -9.48667526245117E-06, 0, -0.00792809677124023, -2, -0.016, 0,1,-1,0,-1
1.01146288216114E-05, -1.01104378700256E-05, 0, -0.00672956183552742, -2, -0.015625, 0,1,-1,0,-1
1.29726928050124E-05, -1.29722234771008E-05, 0, -0.0064428246866061, -2, -0.015748031496063, 0,1,-1,0,-1
1.19511969387531E-05, -1.19507312774658E-05, 0, -0.00518062338232994, -2, -0.015625, 0,1,-1,0,-1
1.28952536995955E-05, -1.28919684042142E-05, 0, -0.00471876174446166, -2, -0.015748031496063, 0,1,-1,0,-1
1.62531459142291E-05, -1.6264972232637E-05, 0, -0.00455297553350055, -2, -0.0158730158730159, 0,1,-1,0,-1
1.48618978167337E-05, -1.48600056057885E-05, 0, -0.0039295752843221, -2, -0.0158730158730159, 0,1,-1,0,-1
1.57167041112506E-05, -1.57148119003054E-05, 0, -0.00363877084520128, -2, -0.0158730158730159, 0,1,-1,0,-1
1.92626254765068E-05, -1.92701347230926E-05, 0, -0.00352309444757897, -2, -0.015748031496063, 0,1,-1,0,-1
1.75639750465514E-05, -1.75441068316263E-05, 0, -0.0031649423024011, -2, -0.0158730158730159, 0,1,-1,0,-1
1.82676503038782E-05, -1.82953406506636E-05, 0, -0.00299608707427979, -2, -0.015748031496063, 0,1,-1,0,-1
2.2733211517334E-05, -2.27169990539551E-05, 0, -0.00289337158203125, -2, -0.016, 0,1,-1,0,-1
2.00877039451299E-05, -2.00473417447308E-05, 0, -0.00273649945972473, -2, -0.015748031496063, 0,1,-1,0,-1
2.10882179320805E-05, -2.1060307820638E-05, 0, -0.00258580725344401, -2, -0.0158730158730159, 0,1,-1,0,-1
2.53953332976093E-05, -2.55328463757132E-05, 0, 0.0078740157480315, -2, -0.015748031496063, 0,1,-1,0,-1
2.29624528733511E-05, -2.29047404395209E-05, 0, -0.00446358559623597, -2, -0.0158730158730159, 0,1,-1,0,-1
2.39534378051758E-05, -2.39348411560059E-05, 0, -0.00432746887207031, -2, -0.016, 0,1,-1,0,-1
2.45679938603961E-05, -2.45802932315403E-05, 0, -0.00407727180965363, -2, -0.0158730158730159, 0,1,-1,0,-1
2.99472808837891E-05, -2.99534797668457E-05, 0, -0.00415312194824219, -2, -0.016, 0,1,-1,0,-1
1.95658113074115E-05, -1.95475075188584E-05, 0, -0.00336440153947965, -1, -0.0078740157480315, 0,1,-1,0,-1
4.35952097177505E-06, -4.37721610069275E-06, 0, -0.00270261242985725, 0, 0, 0,1,-1,0,-1
-1.27371940903991E-05, 1.27594889575289E-05, 0, -0.00197171800919161, 1, 0.00763358778625954, 0,1,-1,0,-1
-1.52048610505604E-05, 1.51949269430978E-05, 0, -0.00192880819714259, 2, 0.0158730158730159, 0,1,-1,0,-1
-3.60345840454102E-05, 3.60326766967773E-05, 0, -0.00111986541748047, 3, 0.024, 0,1,-1,0,-1
-4.30969521403313E-05, 4.30955551564693E-05, 0, -0.000693192705512047, 4, 0.03125, 0,1,-1,0,-1
-5.38458824157715E-05, 5.3863525390625E-05, 0, 7.1807861328125E-05, 5, 0.04, 0,1,-1,0,-1
-6.75725750625134E-05, 6.75669871270657E-05, 0, 0.00188780575990677, 6, 0.046875, 0,1,-1,0,-1
-5.09662628173828E-05, 5.09605407714844E-05, 0, 0.00229354095458984, 6, 0.048, 0,1,-1,0,-1
-4.2528148711197E-05, 4.25206394646111E-05, 0, 0.00362995853574257, 6, 0.047244094488189, 0,1,-1,0,-1
-3.99121149318425E-05, 3.99210321621632E-05, 0, 0.0078740157480315, 6, 0.047244094488189, 0,1,-1,0,-1
-2.96485802483937E-05, 2.96466880374485E-05, 0, 0.00793650793650794, 7, 0.0555555555555556, 0,1,-1,0,-1
-1.91745758056641E-05, 1.91745758056641E-05, 0, 0, 7, 0.056, 0,1,-1,0,-1
-8.44227047417108E-06, 8.44180114625946E-06, 0, 0, 8, 0.062992125984252, 0,1,-1,0,-1
6.04353551789532E-06, -6.04259686207208E-06, 0, 0, 8, 0.062992125984252, 0,1,-1,0,-1
2.02934893350753E-05, -2.02934893350753E-05, 0, 0, 8, 0.0634920634920635, 0,1,-1,0,-1
2.37360000610352E-05, -2.37369537353516E-05, 0, 0, 5, 0.04, 0,1,-1,0,-1
3.11522483825684E-05, -3.11555862426758E-05, 0, 0, 5, 0.04, 0,1,-1,0,-1
3.18186357617378E-05, -3.18167731165886E-05, 0, -0.0078125, 5, 0.0390625, 0,1,-1,0,-1
3.76848001328726E-05, -3.76805426582458E-05, 0, -0.00793650793650794, 5, 0.0396825396825397, 0,1,-1,0,-1
1.37478586227175E-05, -1.3750223886399E-05, 0, -0.004518951688494, 0, 0, 0,1,-1,0,-1
-1.09541134571466E-05, 1.09550521129698E-05, 0, -0.00103567528912402, -4, -0.031496062992126, 0,1,-1,0,-1
-3.06189529539093E-05, 3.06175449701745E-05, 0, 0.00236536386444813, -4, -0.031496062992126, 0,1,-1,0,-1
-3.14266662898026E-05, 3.14257276339794E-05, 0, 0.00446565132441483, -4, -0.031496062992126, 0,1,-1,0,-1
-2.32387715437281E-05, 2.32354862483468E-05, 0, 0.00515036695585476, -4, -0.031496062992126, 0,1,-1,0,-1
-1.99685021052285E-05, 1.99694482107011E-05, 0, 0.00772920487419007, -4, -0.0317460317460317, 0,1,-1,0,-1
-1.89183250306145E-05, 1.89225825052413E-05, 0, 0.00793650793650794, -4, -0.0317460317460317, 0,1,-1,0,-1
-1.24635204436287E-05, 1.24644665491013E-05, 0, 0, -4, -0.0317460317460317, 0,1,-1,0,-1
-1.02300643920898E-05, 1.02295875549316E-05, 0, 0, -5, -0.04, 0,1,-1,0,-1
-6.07728958129883E-06, 6.07585906982422E-06, 0, 0, -6, -0.048, 0,1,-1,0,-1
2.51841357373816E-06, -2.51794424582654E-06, 0, 0, -6, -0.047244094488189, 0,1,-1,0,-1
1.06592973073324E-05, -1.06597703600687E-05, 0, 0, -6, -0.0476190476190476, 0,1,-1,0,-1
1.84783859858437E-05, -1.84764937748985E-05, 0, 0, -6, -0.0476190476190476, 0,1,-1,0,-1
3.14107016911582E-05, -3.14135400075761E-05, 0, 0, -6, -0.0476190476190476, 0,1,-1,0,-1
3.53498118264335E-05, -3.5344608246334E-05, 0, -0.00793650793650794, -6, -0.0476190476190476, 0,1,-1,0,-1
4.24021854996681E-05, -4.24152240157127E-05, 0, -0.0078125, -6, -0.046875, 0,1,-1,0,-1
5.95093712093323E-05, -5.94924754045141E-05, 0, -0.0078740157480315, -6, -0.047244094488189, 0,1,-1,0,-1
5.92127559691902E-05, -5.92212038715993E-05, 0, -0.00643640991271011, -6, -0.047244094488189, 0,1,-1,0,-1
6.61993399262428E-05, -6.62030652165413E-05, 0, -0.00529551319777966, -6, -0.046875, 0,1,-1,0,-1
8.65836627781391E-05, -8.65762121975422E-05, 0, -0.00477045774459839, -6, -0.046875, 0,1,-1,0,-1
8.34323111034575E-05, -8.34252153124128E-05, 0, -0.00391395129854717, -6, -0.0476190476190476, 0,1,-1,0,-1
0.000106600068864368, -0.000106627978975811, 0, -0.00356306916191464, -6, -0.0476190476190476, 0,1,-1,0,-1
9.9219973125155E-05, -9.92223383888366E-05, 0, -0.00309906119392032, -6, -0.0476190476190476, 0,1,-1,0,-1
0.000104689970612526, -0.000104691833257675, 0, -0.00288886157795787, -6, -0.046875, 0,1,-1,0,-1
0.000114294528961182, -0.000114288806915283, 0, -0.00271052122116089, -6, -0.048, 0,1,-1,0,-1
0.000139884592041256, -0.000139887877336637, 0, 0.0078740157480315, -6, -0.047244094488189, 0,1,-1,0,-1
7.33859895721195E-05, -7.34047626885842E-05, 0, -0.00340870609433632, -3, -0.0236220472440945, 0,1,-1,0,-1
-3.51198076263187E-06, 3.54624170017993E-06, 0, -0.00245130343700018, 1, 0.0078740157480315, 0,1,-1,0,-1
-3.12134276988894E-05, 3.1199104102083E-05, 0, -0.0021820955498274, 2, 0.0155038759689922, 0,1,-1,0,-1
-4.19186221228706E-05, 4.19342328631689E-05, 0, -0.00214745127965534, 2, 0.0158730158730159, 0,1,-1,0,-1
-8.15926090119377E-05, 8.15997048029824E-05, 0, -0.0017109371366955, 4, 0.0317460317460317, 0,1,-1,0,-1
-0.000120769023895264, 0.000120766639709473, 0, -0.0014465446472168, 7, 0.056, 0,1,-1,0,-1
-0.00013182388515923, 0.000131821538519672, 0, -0.00123992867357149, 8, 0.062992125984252, 0,1,-1,0,-1
-0.000151293817907572, 0.000151287764310837, 0, -0.00071918498724699, 8, 0.0625, 0,1,-1,0,-1
-0.000117780670287117, 0.000117787766078162, 0, -0.000891989185696556, 8, 0.0634920634920635, 0,1,-1,0,-1
-0.000104652510748969, 0.00010466528317285, 0, -0.000801242533184233, 8, 0.0634920634920635, 0,1,-1,0,-1
-0.000104437193532628, 0.000104409972513755, 0, -0.000143001398702306, 8, 0.062992125984252, 0,1,-1,0,-1
-7.44429416954517E-05, 7.44513235986233E-05, 0, -0.000232948921620846, 8, 0.0625, 0,1,-1,0,-1
-6.10356219112873E-05, 6.10421411693096E-05, 0, 0.000432017259299755, 8, 0.0625, 0,1,-1,0,-1
-5.49781890142532E-05, 5.49767698560442E-05, 0, 0.00258553784991068, 8, 0.0634920634920635, 0,1,-1,0,-1
-3.24087142944336E-05, 3.24211120605469E-05, 0, 0.00562078285217285, 8, 0.064, 0,1,-1,0,-1
-1.8266931412712E-05, 1.82607817271399E-05, 0, 0.00793650793650794, 8, 0.0634920634920635, 0,1,-1,0,-1
-3.69407999233937E-06, 3.68516276201864E-06, 0, 0, 8, 0.062992125984252, 0,1,-1,0,-1
1.18911266326904E-05, -1.18811925252279E-05, 0, 0, 8, 0.0634920634920635, 0,1,-1,0,-1
1.94287300109863E-05, -1.94301605224609E-05, 0, 0, 3, 0.024, 0,1,-1,0,-1
1.07193750048441E-05, -1.07321474287245E-05, 0, 0, 1, 0.00793650793650794, 0,1,-1,0,-1
5.17188556610592E-06, -5.16100535317073E-06, 0, 0, 1, 0.00793650793650794, 0,1,-1,0,-1
4.62945052019254E-06, -4.61630933866726E-06, 0, 0, 1, 0.0078740157480315, 0,1,-1,0,-1
4.84628001535971E-06, -4.86880775511734E-06, 0, 0, 1, 0.0078740157480315, 0,1,-1,0,-1
-1.6379544115442E-06, 1.64264769066037E-06, 0, 0, -3, -0.0236220472440945, 0,1,-1,0,-1
-1.37880681053041E-05, 1.37918525271946E-05, 0, 0, -3, -0.0238095238095238, 0,1,-1,0,-1
-1.18409830426413E-05, 1.18447674645318E-05, 0, 0, -3, -0.0238095238095238, 0,1,-1,0,-1
-1.13490081968762E-05, 1.13471159859309E-05, 0, 0, -3, -0.0238095238095238, 0,1,-1,0,-1
-7.54960878627507E-06, 7.54444617924728E-06, 0, 0, -3, -0.0236220472440945, 0,1,-1,0,-1
-5.08329061072642E-06, 5.08657590610774E-06, 0, 0, -1, -0.0078740157480315, 0,1,-1,0,-1
-1.7695426940918E-06, 1.76572799682617E-06, 0, 0, -1, -0.008, 0,1,-1,0,-1
-1.24843791127205E-06, 1.24890357255936E-06, 0, 0, -1, -0.0078125, 0,1,-1,0,-1
-1.06903814500378E-06, 1.06951882762294E-06, 0, 0, -1, -0.00806451612903226, 0,1,-1,0,-1
-4.69327911617249E-10, 9.38655823234498E-10, 0, 0, 0, 0, 0,1,-1,0,-1
4.65661287307739E-10, -9.31322574615479E-10, 0, 0, 0, 0, 0,1,-1,0,-1
-9.5367431640625E-10, 4.76837158203125E-10, 0, 0, 0, 0, 0,1,-1,0,-1
4.73052736312624E-10, 4.73052736312624E-10, 0, 0, 0, 0, 0,1,-1,0,-1
0, 4.76837158203125E-10, 0, 0, 0, 0, 0,1,-1,0,-1
0, -4.41515887225116E-10, 0, 0, 0, 0, 0,1,-1,0,-1
4.69327911617249E-10, -1.40798373485175E-09, 0, 0, 0, 0, 0,1,-1,0,-1
4.73052736312624E-10, 9.46105472625248E-10, 0, 0, 0, 0, 0,1,-1,0,-1
-4.69327911617249E-10, -1.40798373485175E-09, 0, 0, 0, 0, 0,1,-1,0,-1
-9.38655823234498E-10, 9.38655823234498E-10, 0, 0, 0, 0, 0,1,-1,0,-1
9.24103019773498E-10, -9.24103019773498E-10, 0, 0, 0, 0, 0,1,-1,0,-1
9.38655823234498E-10, -9.38655823234498E-10, 0, 0, 0, 0, 0,1,-1,0,-1
-9.46105472625248E-10, 4.73052736312624E-10, 0, 0, 0, 0, 0,1,-1,0,-1
0, -1.9073486328125E-09, 0, 0, 0, 0, 0,1,-1,0,-1
0, 2.81596746970349E-09, 0, 0, 0, 0, 0,1,-1,0,-1
4.76837158203125E-10, -1.9073486328125E-09, 0, 0, 0, 0, 0,1,-1,0,-1
-4.69327911617249E-10, -9.38655823234498E-10, 0, 0, 0, 0, 0,1,-1,0,-1
4.65661287307739E-10, 9.31322574615479E-10, 0, 0, 0, 0, 0,1,-1,0,-1
4.73052736312624E-10, -9.46105472625248E-10, 0, 0, 0, 0, 0,1,-1,0,-1
-9.38655823234498E-10, -9.38655823234498E-10, 0, 0, 0, 0, 0,1,-1,0,-1
-8.41617584228516E-07, 8.40187072753906E-07, 0, 0, -1, -0.008, 0,1,-1,0,-1
-6.15914662679036E-07, 6.16860768151662E-07, 0, 0, -1, -0.00793650793650794, 0,1,-1,0,-1
-3.98783456711542E-07, 3.98310403975229E-07, 0, 0, -1, -0.00793650793650794, 0,1,-1,0,-1
-1.90640252733987E-07, 1.90640252733987E-07, 0, 0, -1, -0.00793650793650794, 0,1,-1,0,-1
2.94763594865799E-07, -2.95229256153107E-07, 0, 0, -2, -0.015625, 0,1,-1,0,-1
2.06629435221354E-06, -2.06582129947723E-06, 0, 0, -3, -0.0238095238095238, 0,1,-1,0,-1
4.81074675917625E-06, -4.81074675917625E-06, 0, 0, -3, -0.0234375, 0,1,-1,0,-1
6.30484686957465E-06, -6.30531992231097E-06, 0, 0, -3, -0.0238095238095238, 0,1,-1,0,-1
8.26375825064523E-06, -8.26423130338154E-06, 0, 0, -3, -0.0238095238095238, 0,1,-1,0,-1
1.210541952224E-05, -1.210541952224E-05, 0, -0.00793650793650794, -3, -0.0238095238095238, 0,1,-1,0,-1
1.2494268871489E-05, -1.24852808694991E-05, 0, -0.00793650793650794, -3, -0.0238095238095238, 0,1,-1,0,-1
1.44342581431071E-05, -1.44427730923607E-05, 0, -0.00793650793650794, -3, -0.0238095238095238, 0,1,-1,0,-1
1.92977133251372E-05, -1.92977133251372E-05, 0, -0.00751787897140261, -3, -0.0238095238095238, 0,1,-1,0,-1
1.86396969689263E-05, -1.86472658127073E-05, 0, -0.0056340183530535, -3, -0.0238095238095238, 0,1,-1,0,-1
2.0582051504226E-05, -2.0574482660445E-05, 0, -0.00483140302082849, -3, -0.0238095238095238, 0,1,-1,0,-1
2.60239467024803E-05, -2.60379165410995E-05, 0, -0.00445922650396824, -3, -0.0234375, 0,1,-1,0,-1
2.49509811401367E-05, -2.49347686767578E-05, 0, -0.00375806903839111, -3, -0.024, 0,1,-1,0,-1
2.68778800964355E-05, -2.68621444702148E-05, 0, -0.00342273426055908, -3, -0.024, 0,1,-1,0,-1
2.87947654724121E-05, -2.87842750549316E-05, 0, -0.00314151191711426, -3, -0.024, 0,1,-1,0,-1
3.54596010343296E-05, -3.54323800154558E-05, 0, -0.00293335435897347, -3, -0.0236220472440945, 0,1,-1,0,-1
3.24338439881332E-05, -3.24512091208631E-05, 0, -0.00268037887070123, -3, -0.0236220472440945, 0,1,-1,0,-1
3.56510868222695E-05, -3.43407232930341E-05, 0, 0.0078740157480315, -3, -0.0236220472440945, 0,1,-1,0,-1
4.1651725769043E-05, -4.30474281311035E-05, 0, -0.00563021087646484, -3, -0.024, 0,1,-1,0,-1
3.86337439219157E-05, -3.86167140234084E-05, 0, -0.00479740945119706, -3, -0.0238095238095238, 0,1,-1,0,-1
3.98848205804825E-05, -3.98536212742329E-05, 0, -0.00443149730563164, -3, -0.0234375, 0,1,-1,0,-1
3.06301116943359E-05, -3.06377410888672E-05, 0, -0.00363899612426758, -1, -0.008, 0,1,-1,0,-1
1.42135958033284E-05, -1.42253290011188E-05, 0, -0.00309651292215182, -1, -0.0078740157480315, 0,1,-1,0,-1
1.44355879055233E-05, -1.44337105938769E-05, 0, -0.00294860892408476, -1, -0.0078740157480315, 0,1,-1,0,-1
1.71116956575649E-05, -1.71070023784487E-05, 0, -0.00296061808668722, -1, -0.0078740157480315, 0,1,-1,0,-1

-0.999958872795105, 0.999958872795105, -1, 1, -2, -2, 0,0,0,1,-1
-1.97560556473271E-07, 1.97560556473271E-07, -1, -0.00202599263960315, -3, -0.0241935483870968, 0,0,0,1,-1
1.68441787479431E-06, -1.68441787479431E-06, -1, -0.0019181957395058, -3, -0.0236220472440945, 0,0,0,1,-1
1.98525706614096E-06, -1.98525706614096E-06, -1, -0.00214211771807333, -1, -0.0078740157480315, 0,0,0,1,-1
6.72680991036551E-07, -6.72680991036551E-07, -1, -0.00244944814651731, -3, -0.0238095238095238, 0,0,0,1,-1
7.22333788871765E-06, -7.22380355000496E-06, -1, -0.00186790153384209, -6, -0.046875, 0,0,0,1,-1
2.12036427997407E-05, -2.12031697470044E-05, -1, -0.00132213320050921, -6, -0.0476190476190476, 0,0,0,1,-1
2.6414713521642E-05, -2.64156521774652E-05, -1, -0.00157433231984536, -6, -0.047244094488189, 0,0,0,1,-1
3.94765786298617E-05, -3.94751706461268E-05, -1, -0.0014122884104571, -7, -0.0551181102362205, 0,0,0,1,-1
6.29870910344161E-05, -6.29870910344161E-05, -1, -0.00109554088021827, -8, -0.062992125984252, 0,0,0,1,-1
8.33380879379633E-05, -8.33376186100517E-05, -1, -0.000924940184345396, -10, -0.078740157480315, 0,0,0,1,-1
0.000113345800884186, -0.00011334532783145, -1, -0.000614870162237258, -10, -0.0793650793650794, 0,0,0,1,-1
0.00018192135442899, -0.000181925109052283, -1, 0.000509693866639625, -12, -0.094488188976378, 0,0,0,1,-1
0.0002421875, -0.000242183208465576, -1, 0.000776657104492188, -17, -0.136, 0,0,0,1,-1
0.000345522493828, -0.000345525779123381, -1, -0.000785112380981445, -19, -0.149606299212598, 0,0,0,1,-1
0.000531603501537653, -0.000531598808258537, -1, 0.000249117378174789, -20, -0.15748031496063, 0,0,0,1,-1
0.000558322761207819, -0.000558327883481979, -1, 0.000755028799176216, -21, -0.1640625, 0,0,0,1,-1
0.000645411968231201, -0.000645407199859619, -1, 0.00219424819946289, -21, -0.168, 0,0,0,1,-1
0.000822343397885561, -0.000822350848466158, -1, 0.00626249238848686, -22, -0.171875, 0,0,0,1,-1
0.0007938590106063, -0.000793855959974875, -1, 0.0038722500087708, -22, -0.173228346456693, 0,0,0,1,-1
0.00084555551173195, -0.000845560715312049, -1, 0.00793650793650794, -22, -0.174603174603175, 0,0,0,1,-1
0.000832292675971985, -0.00083227801322937, 0, 0, -17, -0.136, 0,0,0,1,-1
0.000452048420906067, -0.000452058672904968, 0, 0, -11, -0.088, 0,0,0,1,-1
0.00044572725892067, -0.000445736630354077, 0, 0, -11, -0.0859375, 0,0,0,1,-1
0.000414457201259211, -0.000414435839047655, 0, 0, -7, -0.0546875, 0,0,0,1,-1
0.000147539463180762, -0.000147559608404453, 0, 0, -3, -0.0230769230769231, 0,0,0,1,-1
-6.03797630621837E-05, 6.03797630621837E-05, 0, 0, 3, 0.0230769230769231, 0,0,0,1,-1
-0.000124500473103826, 0.000124499526998353, 0, 0, 3, 0.0238095238095238, 0,0,0,1,-1
-0.000122439058031887, 0.000122440018458292, 0, 0, 3, 0.0234375, 0,0,0,1,-1
-4.17646169662476E-05, 4.17712330818176E-05, 0, 0, 0, 0, 0,0,0,1,-1
4.14322056467571E-05, -4.14444458863092E-05, 0, 0, -1, -0.00793650793650794, 0,0,0,1,-1
4.17885184288025E-05, -4.17742133140564E-05, 0, 0, -1, -0.008, 0,0,0,1,-1
4.14464563604385E-05, -4.14606479425279E-05, 0, 0, -1, -0.00793650793650794, 0,0,0,1,-1
4.76488494314253E-05, -4.76274872198701E-05, 0, 0, -1, -0.0078125, 0,0,0,1,-1
4.11607911736946E-05, -4.11645164639931E-05, 0, 0, -1, -0.0078740157480315, 0,0,0,1,-1
4.80373837347106E-05, -4.80420770138267E-05, 0, 0, -1, -0.0078740157480315, 0,0,0,1,-1
0, 0, 0, 0, -1, -0.00775193798449612, 0,0,0,1,-1
0, 0, 0, 0, -1, -0.008, 0,0,0,1,-1
0, 0, 0, 0, -1, -0.0078125, 0,0,0,1,-1
0, 0, 0, 0, -1, -0.0078740157480315, 0,0,0,1,-1
0, 0, 0, 0, -1, -0.00793650793650794, 0,0,0,1,-1
0, 0, 0, 0, 4, 0.031496062992126, 0,0,0,1,-1
0, 0, 0, 0, 8, 0.0634920634920635, 0,0,0,1,-1
0, 0, 0, 0, 3, 0.0238095238095238, 0,0,0,1,-1
0, 0, 0, 0, -1, -0.00763358778625954, 0,0,0,1,-1
-0.99990975856781, 0.99990975856781, -1, 1, 2, 2, 0,0,0,1,-1
9.30207920825388E-07, -9.30207920825388E-07, -1, -0.00302349676297406, 0, 0, 0,0,0,1,-1
0, 0, -1, -0.00250116227165101, 0, 0, 0,0,0,1,-1
0, 0, -1, -0.00249734568217444, 0, 0, 0,0,0,1,-1
0, 0, -1, -0.00249050921342504, 0, 0, 0,0,0,1,-1
0, 0, -1, -0.00252388763427734, 0, 0, 0,0,0,1,-1
-5.17046640789698E-07, 5.17046640789698E-07, -1, -0.00236093241070944, -1, -0.00793650793650794, 0,0,0,1,-1
-9.23871994018555E-07, 9.23871994018555E-07, -1, -0.00230960808103047, -2, -0.0158730158730159, 0,0,0,1,-1
2.97600828756498E-06, -2.97600828756498E-06, -1, -0.00163268855237585, -8, -0.062992125984252, 0,0,0,1,-1
1.79017347002786E-05, -1.79017347002786E-05, -1, -0.00147446942707849, -9, -0.0714285714285714, 0,0,0,1,-1
3.85561632731604E-05, -3.85566363258967E-05, -1, -0.0013313406989688, -10, -0.0793650793650794, 0,0,0,1,-1
6.21256828308105E-05, -6.21237754821777E-05, -1, -0.00120727062225342, -10, -0.08, 0,0,0,1,-1
9.81862150777982E-05, -9.81866844057098E-05, -1, -0.000864680357805387, -10, -0.078740157480315, 0,0,0,1,-1
0.000117809046059847, -0.000117810443043709, -1, -0.00092220026999712, -13, -0.1015625, 0,0,0,1,-1
0.000188695532935006, -0.000188696952093215, -1, -0.000106593919178796, -15, -0.119047619047619, 0,0,0,1,-1
0.000326283804074986, -0.000326280518779604, -1, 0.00224318279056098, -18, -0.141732283464567, 0,0,0,1,-1
0.000366195449678917, -0.000366200612285944, -1, 0.000243960403081939, -18, -0.141732283464567, 0,0,0,1,-1
0.000497751869261265, -0.000497738365083933, -1, -0.000182351097464561, -18, -0.140625, 0,0,0,1,-1
0.000503749359311081, -0.000503756399229756, -1, 4.69046314870279E-05, -19, -0.149606299212598, 0,0,0,1,-1
0.000572473514737107, -0.000572475861376665, -1, 0.00097690792534295, -19, -0.149606299212598, 0,0,0,1,-1
0.000730944430734229, -0.000730943492078406, -1, 0.00393247416638953, -19, -0.149606299212598, 0,0,0,1,-1
0.000678834224504138, -0.000678833751451402, -1, 0.00484357750605023, -19, -0.150793650793651, 0,0,0,1,-1
0.00072119402885437, -0.000721179723739624, -1, 0.00383490180969238, -19, -0.152, 0,0,0,1,-1
0.000739135141447773, -0.000739152741244459, -1, 0.00783317483316256, -19, -0.149606299212598, 0,0,0,1,-1
0.000896700436160678, -0.000896698543949733, 0, 0, -19, -0.150793650793651, 0,0,0,1,-1
0.000783477392461565, -0.000783481176883455, 0, 0, -14, -0.111111111111111, 0,0,0,1,-1
0.000553598608045528, -0.000553594807916809, 0, 0, -10, -0.0793650793650794, 0,0,0,1,-1
0.000425659437663853, -0.00042567846737802, 0, 0, -7, -0.056, 0,0,0,1,-1
0.000287866527874639, -0.000287847754758174, 0, 0, -7, -0.0551181102362205, 0,0,0,1,-1
0.000151641312099638, -0.000151639479020285, 0, 0, -3, -0.0238095238095238, 0,0,0,1,-1
4.74415137432516E-05, -4.74368571303785E-05, 0, 0, 1, 0.0078125, 0,0,0,1,-1
-5.46473687089334E-05, 5.46407981181708E-05, 0, 0, 2, 0.015748031496063, 0,0,0,1,-1
-8.13865917734802E-05, 8.13810038380325E-05, 0, 0, 2, 0.015625, 0,0,0,1,-1
-9.81081036790725E-05, 9.8129193628988E-05, 0, 0, 2, 0.0161290322580645, 0,0,0,1,-1
-8.22122289439825E-05, 8.22010237400926E-05, 0, 0, 2, 0.015748031496063, 0,0,0,1,-1
-8.22637963482714E-05, 8.22694282832108E-05, 0, 0, 2, 0.015748031496063, 0,0,0,1,-1
-9.52914706431329E-05, 9.52812551986426E-05, 0, 0, 2, 0.015625, 0,0,0,1,-1
-8.23708324451146E-05, 8.23614458868823E-05, 0, 0, 2, 0.015748031496063, 0,0,0,1,-1
-8.23956481584414E-05, 8.24022040827068E-05, 0, 0, 2, 0.015748031496063, 0,0,0,1,-1
0, 0, 0, 0, 2, 0.015748031496063, 0,0,0,1,-1
0, 0, 0, 0, 0, 0, 0,0,0,1,-1
0, 0, 0, 0, -4, -0.031496062992126, 0,0,0,1,-1
0, 0, 0, 0, -4, -0.0317460317460317, 0,0,0,1,-1
0, 0, 0, 0, -4, -0.032, 0,0,0,1,-1
0, 0, 0, 0, -4, -0.032258064516129, 0,0,0,1,-1
0, 0, 0, 0, -4, -0.0263157894736842, 0,0,0,1,-1
0.000666119449306279, -0.000665626721456647, -1, 0.5, -1, -0.5, 0,-1,1,0,0
4.96728911738449E-05, -4.96942103211957E-05, -1, -0.00332983528695455, -1, -0.00813008130081301, 0,-1,1,0,0
4.12339513285423E-05, -4.12039180088231E-05, -1, -0.00301303638247993, -1, -0.0078740157480315, 0,-1,1,0,0
4.12218331351994E-05, -4.12152625444367E-05, -1, -0.00297811087660902, 0, 0, 0,-1,1,0,0
-6.97410106658936E-06, 6.96265697479248E-06, -1, -0.00239764213562012, 1, 0.008, 0,-1,1,0,0
-5.49803641954745E-05, 5.49691003255957E-05, -1, -0.00197611831304595, 2, 0.015748031496063, 0,-1,1,0,0
-0.000124660109923709, 0.000124645922037344, -1, -0.00131194553677998, 4, 0.0317460317460317, 0,-1,1,0,0
-0.000263120960592041, 0.000263125672640782, -1, -0.00112073572855147, 6, 0.0476190476190476, 0,-1,1,0,0
-0.000345614783111073, 0.000345630866904107, -1, -0.00145697593688965, 10, 0.0793650793650794, 0,-1,1,0,0
-0.000413067284084502, 0.000413058769135248, -1, -0.0012259805013263, 10, 0.0793650793650794, 0,-1,1,0,0
-0.000470653758384287, 0.000470668426714838, -1, -0.000914635136723518, 10, 0.078125, 0,-1,1,0,0
-0.000402119333349814, 0.000402100090905437, -1, -0.00103268473167119, 10, 0.078740157480315, 0,-1,1,0,0
-0.000403163433074951, 0.000403168201446533, -1, -0.000912294387817383, 10, 0.08, 0,-1,1,0,0
-0.000458390230224246, 0.000458390939803351, -1, -0.00045866814870683, 10, 0.0793650793650794, 0,-1,1,0,0
-0.000384637051158481, 0.000384644146949526, -1, -0.000604773324633402, 10, 0.0793650793650794, 0,-1,1,0,0
-0.000372930070546668, 0.000372928897226889, -1, -0.000386204306534895, 10, 0.078740157480315, 0,-1,1,0,0
-0.000422756737611425, 0.000422740311134519, -1, 0.000426482027909887, 10, 0.078740157480315, 0,-1,1,0,0
-0.000390789170903484, 0.00039082577848059, -1, 0.000942357881801335, 12, 0.094488188976378, 0,-1,1,0,0
-0.000403352140441654, 0.000403316940848283, -1, 0.000213664347731222, 12, 0.094488188976378, 0,-1,1,0,0
-0.000471025705337524, 0.000471026651442997, -1, -0.000703552412608313, 13, 0.103174603174603, 0,-1,1,0,0
-0.000407790574501819, 0.000407790105173907, -1, -0.000657939535426343, 14, 0.110236220472441, 0,-1,1,0,0
-0.000409903488759919, 0.000409910059350682, -1, -0.00022597388019712, 16, 0.125984251968504, 0,-1,1,0,0
-0.00046746882181319, 0.000467464564338563, -1, 0.00119397942982023, 16, 0.126984126984127, 0,-1,1,0,0
-0.000356683327305701, 0.000356689095497131, -1, 0.00184538095228134, 16, 0.129032258064516, 0,-1,1,0,0
-0.000300169460416779, 0.00030016992974469, -1, 0.00367506470267228, 16, 0.125984251968504, 0,-1,1,0,0
-0.00025196633641682, 0.000251964917258611, -1, 0.00301107338496617, 16, 0.126984126984127, 0,-1,1,0,0
-0.000229513168334961, 0.000229514598846436, 0, 0, 16, 0.128, 0,-1,1,0,0
-0.000136795971128676, 0.000136796444181412, 0, 0, 16, 0.126984126984127, 0,-1,1,0,0
-7.59564985440472E-05, 7.59569678719588E-05, 0, 0, 13, 0.102362204724409, 0,-1,1,0,0
-2.63260105463464E-05, 2.63255412184347E-05, 0, 0, 7, 0.0551181102362205, 0,-1,1,0,0
-3.96440195482831E-06, 3.96393990331842E-06, 0, 0, 1, 0.00775193798449612, 0,-1,1,0,0
-5.18798828125E-07, 5.18798828125E-07, 0, 0, 0, 0, 0,-1,1,0,0
0, 0, 0, 0, 0, 0, 0,-1,1,0,0
3.99729562184167E-07, -3.99729562184167E-07, 0, 0, -1, -0.00793650793650794, 0,-1,1,0,0
7.8053701491583E-07, -7.8053701491583E-07, 0, 0, -1, -0.00793650793650794, 0,-1,1,0,0
1.16694718599319E-06, -1.16694718599319E-06, 0, 0, -1, -0.0078125, 0,-1,1,0,0
1.27236689290693E-06, -1.27236689290693E-06, 0, 0, -1, -0.00806451612903226, 0,-1,1,0,0
1.44634395837784E-06, -1.44634395837784E-06, 0, 0, -1, -0.0078125, 0,-1,1,0,0
2.02175109617172E-06, -2.02127041355256E-06, 0, 0, -1, -0.00806451612903226, 0,-1,1,0,0
0, -1.92518309345396E-06, 0, 0, -1, -0.0078740157480315, 0,-1,1,0,0
0, 0, 0, 0, -1, -0.00793650793650794, 0,-1,1,0,0
0, 0, 0, 0, -1, -0.008, 0,-1,1,0,0
0, 0, 0, 0, -2, -0.015748031496063, 0,-1,1,0,0
0, 0, 0, 0, -3, -0.0238095238095238, 0,-1,1,0,0
0, 0, 0, 0, -3, -0.0236220472440945, 0,-1,1,0,0
0, 0, 0, 0, -3, -0.024, 0,-1,1,0,0
0, 0, -1, 0.5, 0, 0, 0,-1,1,0,0
0, 0, -1, -0.00272880172729492, 0, 0, 0,-1,1,0,0
-2.2952595064717E-08, 9.61365238312752E-10, -1, -0.0025215495017267, 0, 0, 0,-1,1,0,0
1.57160684466362E-08, -2.73576006293297E-09, -1, -0.00248049199581146, 0, 0, 0,-1,1,0,0
0, 3.72529029846191E-09, -1, -0.00250815209888277, 0, 0, 0,-1,1,0,0
-1.89542770385742E-08, -4.70876693725586E-09, -1, -0.00250795364379883, 0, 0, 0,-1,1,0,0
1.50785559699649E-08, -7.56884378100198E-09, -1, -0.00251060061984592, 0, 0, 0,-1,1,0,0
5.57326895045483E-09, -3.69595730398584E-09, -1, -0.00248948607857772, 0, 0, 0,-1,1,0,0
-2.73594706077275E-05, 2.73370601999478E-05, -1, -0.00239332078948734, 1, 0.0078740157480315, 0,-1,1,0,0
-9.01785492897034E-05, 9.01955962181091E-05, -1, -0.00216042327880859, 4, 0.032, 0,-1,1,0,0
-0.000169059785548598, 0.000169078295584768, -1, -0.00191394612193108, 5, 0.0390625, 0,-1,1,0,0
-0.000205408959161668, 0.000205390155315399, -1, -0.00182551050943042, 5, 0.0396825396825397, 0,-1,1,0,0
-0.000265665707134065, 0.000265649978130583, -1, -0.00160619758424305, 6, 0.0476190476190476, 0,-1,1,0,0
-0.000245570182800293, 0.000245575904846191, -1, -0.00172964859008789, 6, 0.048, 0,-1,1,0,0
-0.000239924652369942, 0.00023993204428455, -1, -0.00173455148231326, 7, 0.0551181102362205, 0,-1,1,0,0
-0.000346778891980648, 0.000346787739545107, -1, -0.00135443173348904, 9, 0.0703125, 0,-1,1,0,0
-0.000373123893662105, 0.000373126495452154, -1, -0.0012779330450391, 10, 0.0793650793650794, 0,-1,1,0,0
-0.000404300866648555, 0.000404301332309842, -1, -0.00105897150933743, 11, 0.0859375, 0,-1,1,0,0
-0.000480856450777205, 0.000480850301091633, -1, -0.000561389658186171, 11, 0.0873015873015873, 0,-1,1,0,0
-0.000399071309301588, 0.000399079587724474, -1, -0.000656485557556152, 11, 0.0873015873015873, 0,-1,1,0,0
-0.00038558008178832, 0.000385572039891803, -1, -0.000330947694324312, 11, 0.0873015873015873, 0,-1,1,0,0
-0.000452908731642224, 0.000452902108903915, -1, 0.00101818073363531, 12, 0.0952380952380952, 0,-1,1,0,0
-0.000401483383029699, 0.000401485711336136, -1, -0.000441737473011017, 13, 0.1015625, 0,-1,1,0,0
-0.000420872688293457, 0.000420869827270508, -1, -0.00133405113220215, 14, 0.112, 0,-1,1,0,0
-0.000457455323437067, 0.000457453915453333, -1, -0.000956301614055483, 15, 0.118110236220472, 0,-1,1,0,0
-0.000376448515922792, 0.000376462936401367, -1, -0.00104581636767234, 15, 0.120967741935484, 0,-1,1,0,0
-0.000324857886880636, 0.000324835069477558, -1, -0.000858448445796967, 15, 0.1171875, 0,-1,1,0,0
-0.000328573185627855, 0.00032858914277685, -1, -0.000110422532389483, 15, 0.118110236220472, 0,-1,1,0,0
-0.000233868444998433, 0.000233865159703052, -1, 0.000320947076391986, 15, 0.118110236220472, 0,-1,1,0,0
-0.000188245078710121, 0.00018824789467759, -1, 0.00306616993400994, 15, 0.118110236220472, 0,-1,1,0,0
-0.000142581879146515, 0.000142577621671889, -1, 0.00596238223333207, 15, 0.119047619047619, 0,-1,1,0,0
-0.000106432914733887, 0.000106439113616943, 0, 0, 15, 0.12, 0,-1,1,0,0
-3.74899135799859E-05, 3.74875669404278E-05, 0, 0, 15, 0.118110236220472, 0,-1,1,0,0
1.74660235643387E-05, -1.74655579030514E-05, 0, 0, 15, 0.1171875, 0,-1,1,0,0
6.80973605504112E-05, -6.80997258140927E-05, 0, 0, 15, 0.119047619047619, 0,-1,1,0,0
9.89680290222168E-05, -9.89713668823242E-05, 0, 0, 12, 0.096, 0,-1,1,0,0
7.59278695414385E-05, -7.59212989506759E-05, 0, 0, -1, -0.0078740157480315, 0,-1,1,0,0
-2.60400772094727E-05, 2.6038646697998E-05, 0, 0, -5, -0.04, 0,-1,1,0,0
-6.00293278694153E-05, 6.00293278694153E-05, 0, 0, -8, -0.0625, 0,-1,1,0,0
-6.22141079639825E-05, 6.22141079639825E-05, 0, 0, -8, -0.062992125984252, 0,-1,1,0,0
-5.62524795532227E-05, 5.62520027160645E-05, 0, 0, -8, -0.064, 0,-1,1,0,0
-3.18149104714394E-05, 0, 0, 0, -7, -0.0546875, 0,-1,1,0,0
0, 0, 0, 0, -7, -0.0555555555555556, 0,-1,1,0,0
0, 0, 0, 0, -8, -0.064, 0,-1,1,0,0
0, 0, 0, 0, -6, -0.0476190476190476, 0,-1,1,0,0
0, 0, 0, 0, -6, -0.048, 0,-1,1,0,0
